{"stats":{"minecraft:dropped":{"minecraft:oak_log":34,"minecraft:dirt":42,"alexsmobs:animal_dictionary":1,"minecraft:cobbled_deepslate":1,"minecraft:oak_planks":4,"patchouli:guide_book":1,"minecraft:chainmail_chestplate":1,"minecraft:acacia_sapling":1,"minecraft:egg":3,"minecraft:bread":847,"minecraft:wheat_seeds":4,"minecraft:cobblestone":128,"minecraft:granite":9,"minecraft:copper_ingot":64,"minecraft:acacia_log":1,"minecraft:stick":238,"tombstone:grave_dust":1,"minecraft:iron_axe":1,"minecraft:bucket":1,"minecraft:composter":1},"minecraft:mined":{"minecraft:dark_oak_planks":7,"create:deepslate_zinc_ore":53,"minecraft:spruce_planks":1,"minecraft:white_bed":3,"minecraft:oak_sapling":2,"minecraft:farmland":26,"create:andesite_casing":15,"minecraft:brewing_stand":5,"minecraft:obsidian":30,"minecraft:granite":80,"minecraft:acacia_log":55,"minecraft:grass_block":299,"minecraft:composter":5,"minecraft:oxeye_daisy":3,"minecraft:polished_blackstone_bricks":4,"minecraft:magma_block":151,"minecraft:iron_ore":125,"fluidtank:tank_stone":5,"minecraft:deepslate_lapis_ore":8,"minecraft:fletching_table":1,"minecraft:pointed_dripstone":10,"minecraft:water_cauldron":2,"minecraft:dirt_path":38,"minecraft:oak_stairs":70,"minecraft:orange_bed":5,"minecraft:deepslate_redstone_ore":43,"mekanism:osmium_ore":49,"minecraft:polished_blackstone_wall":3,"minecraft:red_bed":6,"minecraft:blackstone":64,"mekanism:block_salt":2,"minecraft:torch":5,"minecraft:blast_furnace":12,"minecraft:poppy":3,"iceandfire:ghost_chest":1,"mekanism:tin_ore":25,"minecraft:nether_quartz_ore":119,"minecraft:cobblestone":61,"minecraft:oak_planks":70,"minecraft:grindstone":1,"minecraft:wall_torch":8,"minecraft:deepslate_copper_ore":2,"mekanism:fluorite_ore":3,"minecraft:birch_log":11,"minecraft:wheat":13,"minecraft:lilac":2,"minecraft:tnt":3,"minecraft:wither_rose":1,"minecraft:grass":457,"minecraft:oak_log":550,"minecraft:beetroots":1,"mekanism:lead_ore":22,"minecraft:dark_oak_sapling":14,"minecraft:loom":1,"minecraft:sand":106,"minecraft:dirt":249,"minecraft:stonecutter":2,"minecraft:netherrack":5603,"minecraft:ancient_debris":5,"minecraft:oak_leaves":27,"minecraft:deepslate":3007,"create:zinc_ore":89,"minecraft:nether_gold_ore":15,"minecraft:tuff":346,"iceandfire:silver_ore":15,"minecraft:mossy_cobblestone":11,"minecraft:dark_oak_leaves":2,"minecraft:deepslate_diamond_ore":3,"minecraft:oak_door":4,"minecraft:dark_oak_log":5985,"mekanism:deepslate_osmium_ore":5,"fluidtank:tank_wood":11,"minecraft:hay_block":51,"minecraft:redstone_ore":6,"minecraft:oak_trapdoor":8,"minecraft:carrots":12,"minecraft:andesite":643,"minecraft:bell":2,"minecraft:bookshelf":14,"minecraft:potatoes":5,"minecraft:deepslate_iron_ore":13,"minecraft:vine":1,"minecraft:stripped_oak_log":4,"minecraft:stone":3058,"jeg:blackstone_brimstone_ore":3,"minecraft:smithing_table":2,"mekanism:deepslate_lead_ore":19,"fluidtank:tank_iron":13,"jeg:scrap_ore":12,"minecraft:glass_pane":8,"minecraft:potted_lily_of_the_valley":1,"minecraft:stripped_dark_oak_log":1,"minecraft:dandelion":7,"minecraft:basalt":84,"minecraft:polished_blackstone_brick_wall":10,"jeg:basalt_brimstone_ore":7,"minecraft:oak_fence":18,"minecraft:crafting_table":1,"minecraft:cornflower":1,"minecraft:lectern":3,"minecraft:copper_ore":79,"minecraft:tall_grass":80,"minecraft:lapis_ore":15,"minecraft:deepslate_gold_ore":15,"butcher:cowcorpse":4,"minecraft:diorite":21,"jeg:deepslate_scrap_ore":21,"minecraft:polished_blackstone_slab":3,"minecraft:polished_blackstone_stairs":1,"minecraft:birch_leaves":14,"minecraft:yellow_bed":2,"minecraft:coal_ore":140,"minecraft:dripstone_block":39,"minecraft:gravel":43,"mekanism:deepslate_fluorite_ore":7,"mekanism:deepslate_uranium_ore":8,"minecraft:polished_blackstone":15,"minecraft:gold_ore":15},"minecraft:used":{"minecraft:iron_shovel":160,"minecraft:poppy":1,"minecraft:chest":31,"minecraft:shield":18,"minecraft:bell":1,"minecraft:carrot":8,"minecraft:obsidian":15,"vanillaplustools:iron_shovel":1,"minecraft:lava_bucket":40,"pipez:item_pipe":2,"minecraft:oak_sapling":33,"minecraft:furnace":3,"minecraft:potato":20,"minecraft:dark_oak_sapling":545,"minecraft:stone_pickaxe":234,"minecraft:oak_planks":13,"minecraft:blackstone":6,"minecraft:wooden_pickaxe":59,"minecraft:composter":3,"minecraft:diamond_axe":6258,"vanillaplustools:diamond_hammer":1402,"minecraft:glow_berries":10,"minecraft:loom":2,"minecraft:blast_furnace":2,"minecraft:black_bed":3,"minecraft:dark_oak_log":7,"minecraft:bread":161,"mekanism:metallurgic_infuser":1,"minecraft:lectern":3,"minecraft:gravel":38,"minecraft:diamond_sword":246,"minecraft:grindstone":1,"minecraft:smithing_table":3,"immersive_aircraft:gyrodyne":1,"minecraft:enchanting_table":1,"minecraft:flint_and_steel":1,"minecraft:stone_shovel":435,"vanillaplustools:stone_hammer":368,"minecraft:wooden_shovel":312,"minecraft:stone_hoe":54,"minecraft:netherrack":216,"minecraft:orange_bed":5,"minecraft:torch":274,"minecraft:brewing_stand":1,"minecraft:dirt":216,"minecraft:anvil":1,"butcher:cowcorpseitem":4,"minecraft:dark_oak_planks":7,"minecraft:wooden_axe":158,"minecraft:bookshelf":21,"minecraft:iron_axe":259,"mekanismgenerators:heat_generator":1,"minecraft:barrel":2,"minecraft:cobbled_deepslate":14,"minecraft:water_bucket":6,"butcher:hammer":1,"jeg:combat_rifle":190,"butcher:butchers_knife":60,"fluidtank:tank_wood":8,"minecraft:fletching_table":1,"minecraft:stonecutter":1,"minecraft:cobblestone_slab":38,"minecraft:crafting_table":4,"minecraft:red_bed":7,"mekanism:basic_enriching_factory":1,"fluidtank:tank_stone":2,"minecraft:white_bed":3,"butcher:skinning_knife":1,"minecraft:oak_log":2,"minecraft:diamond_pickaxe":1328,"minecraft:apple":4,"create:mechanical_press":1,"minecraft:iron_pickaxe":173,"minecraft:stone_slab":2,"minecraft:stone_axe":605,"fluidtank:tank_iron":7,"minecraft:cobblestone":173,"minecraft:bucket":215,"minecraft:yellow_bed":2,"create:hand_crank":1,"pipez:energy_pipe":4,"minecraft:stripped_oak_log":5},"minecraft:picked_up":{"minecraft:wheat":10,"cataclysm:monstrous_horn":1,"mekanism:raw_uranium":8,"minecraft:flower_pot":1,"minecraft:smithing_table":2,"minecraft:oak_stairs":70,"minecraft:wither_rose":1,"minecraft:brewing_stand":5,"butcher:cowcorpseitem":7,"sophisticatedbackpacks:magnet_upgrade":1,"iceandfire:manuscript":1,"minecraft:string":3,"minecraft:raw_copper":536,"minecraft:iron_leggings":3,"minecraft:gold_nugget":14,"minecraft:cobbled_deepslate":2046,"minecraft:bucket":1,"minecraft:spruce_planks":1,"farmersdelight:cabbage_seeds":2,"minecraft:iron_boots":1,"iceandfire:ghost_chest":1,"minecraft:stick":799,"apotheosis:gem":1,"minecraft:polished_blackstone_stairs":1,"minecraft:composter":6,"minecraft:oak_fence":18,"minecraft:torch":47,"minecraft:acacia_log":6,"minecraft:pointed_dripstone":15,"tombstone:grave_dust":2,"minecraft:diorite":17,"mekanism:raw_tin":39,"minecraft:cauldron":2,"minecraft:orange_bed":5,"minecraft:rotten_flesh":21,"farmersdelight:rope":36,"minecraft:bookshelf":3,"minecraft:obsidian":30,"minecraft:iron_bars":1,"minecraft:cobblestone":3040,"minecraft:birch_log":11,"minecraft:lilac":2,"butcher:pig_corpse_item":6,"minecraft:andesite":626,"minecraft:potato":21,"minecraft:flint":5,"minecraft:tuff":345,"create:raw_zinc":160,"jeg:scrap":78,"minecraft:lapis_lazuli":236,"minecraft:dirt":598,"minecraft:name_tag":1,"minecraft:bone":13,"minecraft:stonecutter":2,"minecraft:bow":1,"minecraft:wheat_seeds":64,"minecraft:raw_gold":40,"minecraft:bell":2,"minecraft:grindstone":1,"minecraft:fletching_table":1,"minecraft:powered_rail":2,"minecraft:oak_planks":73,"minecraft:polished_blackstone_slab":17,"minecraft:sand":103,"levelhearts:heart_piece":4,"minecraft:loom":1,"minecraft:lily_of_the_valley":1,"minecraft:dark_oak_log":5295,"minecraft:mossy_cobblestone":11,"minecraft:diamond":5,"minecraft:granite":88,"minecraft:golden_apple":1,"minecraft:emerald":117,"minecraft:bread":192,"minecraft:oak_sapling":164,"minecraft:netherrack":1291,"minecraft:oak_leaves":2,"iceandfire:raw_silver":21,"create:copper_sheet":32,"minecraft:crafting_table":1,"minecraft:azure_bluet":1,"minecraft:chest_minecart":2,"minecraft:cornflower":3,"minecraft:oak_trapdoor":8,"minecraft:red_bed":6,"minecraft:iron_axe":1,"minecraft:polished_blackstone_wall":4,"minecraft:blackstone":39,"minecraft:glass_pane":8,"minecraft:beef":14,"minecraft:poppy":11,"minecraft:lectern":3,"minecraft:birch_sapling":2,"minecraft:egg":5,"minecraft:dark_oak_sapling":603,"minecraft:raw_iron":180,"minecraft:oak_door":4,"alexsmobs:straddlite":1,"butcher:sheep_corpse_item":4,"fluidtank:tank_stone":5,"farmersdelight:tomato_seeds":6,"minecraft:carrot":48,"minecraft:redstone":187,"minecraft:dark_oak_planks":166,"minecraft:tnt":3,"minecraft:arrow":7,"minecraft:beetroot_seeds":1,"minecraft:hay_block":50,"minecraft:gold_ingot":2,"minecraft:polished_blackstone":14,"minecraft:glow_berries":10,"minecraft:mutton":12,"jeg:raw_brimstone":25,"minecraft:bone_block":2,"minecraft:rail":14,"minecraft:white_wool":11,"minecraft:oxeye_daisy":2,"minecraft:stripped_oak_log":6,"minecraft:air":0,"minecraft:basalt":64,"mekanism:raw_lead":61,"minecraft:leather":5,"alexsmobs:acacia_blossom":4,"minecraft:oak_log":576,"minecraft:chainmail_chestplate":1,"minecraft:ancient_debris":1,"minecraft:yellow_bed":2,"minecraft:gunpowder":3,"mekanism:salt":8,"cataclysm:infernal_forge":1,"minecraft:apple":77,"minecraft:iron_ingot":46,"minecraft:acacia_sapling":3,"jeg:tech_trash":10,"minecraft:book":33,"fluidtank:tank_wood":11,"minecraft:dandelion":11,"minecraft:dripstone_block":36,"minecraft:gravel":38,"fluidtank:tank_iron":11,"minecraft:blast_furnace":12,"minecraft:white_bed":3,"minecraft:nether_brick_slab":6,"mekanism:raw_osmium":90,"minecraft:iron_helmet":1,"mekanism:fluorite_gem":12,"minecraft:gray_wool":1,"minecraft:polished_blackstone_brick_wall":8,"minecraft:damaged_anvil":3,"minecraft:coal":237},"minecraft:killed":{"cataclysm:netherite_monstrosity":1,"minecraft:skeleton":7,"alexsmobs:straddler":1,"minecraft:magma_cube":10,"minecraft:zombie_villager":1,"minecraft:iron_golem":11,"minecraft:creeper":4,"minecraft:sheep":12,"minecraft:zombie":26,"minecraft:cow":6},"minecraft:custom":{"minecraft:interact_with_crafting_table":152,"minecraft:open_barrel":44,"minecraft:bell_ring":22,"minecraft:leave_game":13,"minecraft:time_since_death":58004,"minecraft:sprint_one_cm":1779571,"minecraft:damage_blocked_by_shield":2070,"minecraft:drop":69,"minecraft:talked_to_villager":185,"minecraft:play_time":622456,"minecraft:deaths":8,"minecraft:jump":6115,"minecraft:walk_on_water_one_cm":31407,"minecraft:enchant_item":5,"minecraft:interact_with_furnace":58,"minecraft:traded_with_villager":1880,"minecraft:interact_with_loom":1,"minecraft:sleep_in_bed":43,"minecraft:damage_dealt":23799,"minecraft:crouch_one_cm":39346,"tombstone:undead_killed":34,"minecraft:interact_with_smithing_table":1,"minecraft:interact_with_anvil":2,"minecraft:mob_kills":83,"minecraft:damage_dealt_resisted":0,"minecraft:walk_one_cm":975504,"minecraft:sneak_time":11363,"minecraft:walk_under_water_one_cm":8961,"minecraft:interact_with_blast_furnace":38,"minecraft:total_world_time":622456,"tombstone:raider_killed":1,"minecraft:interact_with_grindstone":3,"minecraft:interact_with_stonecutter":2,"minecraft:time_since_rest":4396,"minecraft:damage_taken":8582,"minecraft:trigger_trapped_chest":1,"minecraft:swim_one_cm":49023,"minecraft:fly_one_cm":1487845,"minecraft:open_chest":441,"minecraft:fall_one_cm":175332},"minecraft:crafted":{"minecraft:grindstone":1,"pipez:wrench":1,"minecraft:oak_planks":1636,"minecraft:cobblestone_slab":90,"minecraft:barrel":2,"butcher:hammer":1,"mekanism:ingot_osmium":13,"pipez:item_pipe":16,"minecraft:loom":1,"minecraft:stone":47,"minecraft:diamond_shovel":1,"mekanismgenerators:heat_generator":1,"minecraft:bookshelf":19,"mekanism:basic_enriching_factory":1,"minecraft:glass":54,"minecraft:hopper":2,"minecraft:repeater":2,"minecraft:diamond_helmet":1,"minecraft:diamond_leggings":3,"minecraft:iron_boots":13,"create:mechanical_press":1,"minecraft:comparator":2,"immersive_aircraft:hull":2,"minecraft:chest":34,"minecraft:stone_hoe":1,"create:cogwheel":1,"mekanism:block_charcoal":6,"minecraft:dropper":2,"minecraft:wooden_shovel":1,"minecraft:emerald":1466,"minecraft:arrow":320,"sophisticatedbackpacks:backpack":1,"minecraft:diamond_axe":10,"minecraft:crafting_table":36,"create:fluid_pipe":64,"minecraft:wooden_pickaxe":1,"create:zinc_nugget":54,"minecraft:chainmail_chestplate":9,"minecraft:smithing_table":1,"butcher:skinning_knife":1,"minecraft:red_wool":12,"minecraft:copper_ingot":2,"sophisticatedbackpacks:feeding_upgrade":1,"minecraft:birch_planks":20,"sophisticatedbackpacks:upgrade_base":1,"immersive_aircraft:propeller":1,"create:water_wheel":2,"minecraft:dark_oak_slab":24,"minecraft:string":52,"minecraft:charcoal":204,"minecraft:diamond_pickaxe":14,"mekanism:steel_casing":1,"minecraft:shield":1,"minecraft:stick":44836,"create:mechanical_pump":1,"minecraft:iron_ingot":34,"minecraft:iron_pickaxe":1,"minecraft:iron_block":4,"minecraft:gold_ingot":3,"minecraft:black_bed":3,"butcher:butchers_knife":1,"vanillaplustools:diamond_hammer":1,"minecraft:redstone_torch":14,"minecraft:netherite_ingot":2,"minecraft:shears":11,"minecraft:golden_carrot":1,"fluidtank:tank_stone":1,"minecraft:redstone":52,"minecraft:stone_shovel":7,"vanillaplustools:stone_hammer":7,"minecraft:iron_nugget":45,"vanillaplustools:iron_shovel":1,"fluidtank:tank_iron":1,"immersive_aircraft:sail":2,"minecraft:furnace":7,"minecraft:white_carpet":12,"minecraft:flint_and_steel":1,"minecraft:leather":9,"minecraft:iron_axe":31,"minecraft:ender_pearl":6,"minecraft:stone_pickaxe":65,"minecraft:diamond_boots":3,"butcher:emptyskinrack":1,"minecraft:redstone_block":2,"minecraft:dark_oak_planks":21404,"minecraft:chainmail_leggings":12,"minecraft:wheat":450,"minecraft:observer":1,"sophisticatedbackpacks:iron_backpack":1,"create:andesite_alloy":27,"create:hand_crank":1,"minecraft:diamond_sword":1,"mekanism:metallurgic_infuser":1,"minecraft:enchanting_table":1,"fluidtank:tank_wood":2,"pipez:energy_pipe":16,"minecraft:iron_sword":1,"create:large_water_wheel":1,"minecraft:red_bed":1,"sophisticatedbackpacks:gold_backpack":1,"minecraft:bucket":1,"quarry:area_card":1,"minecraft:stone_axe":4,"minecraft:glowstone":9,"minecraft:bread":954,"minecraft:air":0,"quarry:quarry_block":1,"immersive_aircraft:gyrodyne":1,"minecraft:white_wool":10,"minecraft:golden_apple":1,"minecraft:gold_nugget":27,"mekanism:enrichment_chamber":1,"butcher:hook":3,"minecraft:wooden_axe":3,"minecraft:iron_shovel":9,"minecraft:anvil":1,"create:shaft":24,"minecraft:acacia_planks":20,"minecraft:torch":656,"minecraft:lapis_lazuli":13,"levelhearts:heart_container":1,"minecraft:diamond_chestplate":1},"minecraft:killed_by":{"minecraft:iron_golem":3,"minecraft:skeleton":1,"cataclysm:netherite_monstrosity":1},"minecraft:broken":{"minecraft:wooden_shovel":1,"minecraft:stone_pickaxe":1,"minecraft:stone_axe":4,"minecraft:wooden_axe":3,"minecraft:stone_shovel":2,"minecraft:wooden_pickaxe":1,"minecraft:diamond_axe":2,"vanillaplustools:stone_hammer":1,"minecraft:iron_axe":1}},"DataVersion":3465}