{"stats":{"minecraft:dropped":{"minecraft:bread":117,"minecraft:wheat_seeds":1},"minecraft:killed":{"minecraft:horse":6,"minecraft:cow":4},"minecraft:crafted":{"minecraft:cherry_planks":72,"minecraft:oak_planks":376,"sophisticatedbackpacks:backpack":1,"minecraft:emerald":39,"minecraft:crafting_table":1,"minecraft:wooden_pickaxe":1,"minecraft:cherry_boat":1,"minecraft:fletching_table":2,"minecraft:diamond_shovel":1,"minecraft:birch_planks":24,"minecraft:bread":234,"minecraft:air":0,"minecraft:oak_trapdoor":8,"minecraft:string":4,"minecraft:stick":1252,"minecraft:wooden_axe":1,"minecraft:chest":10,"minecraft:white_bed":1,"minecraft:dark_oak_planks":296},"minecraft:picked_up":{"minecraft:birch_log":6,"minecraft:crafting_table":2,"minecraft:leather":10,"minecraft:smithing_table":1,"minecraft:potato":6,"minecraft:birch_planks":2,"minecraft:gold_block":1,"minecraft:flint":16,"minecraft:oak_log":94,"minecraft:brewing_stand":1,"minecraft:yellow_bed":13,"minecraft:dirt":352,"minecraft:string":1,"minecraft:item_frame":5,"minecraft:apple":5,"minecraft:stonecutter":2,"minecraft:cherry_boat":1,"minecraft:wheat_seeds":5,"minecraft:gold_nugget":3,"minecraft:spruce_planks":1,"minecraft:beef":5,"minecraft:fletching_table":2,"minecraft:chest":2,"minecraft:oak_planks":2,"minecraft:furnace":1,"minecraft:book":42,"minecraft:dark_oak_sapling":9,"minecraft:stick":20,"apotheosis:gem":5,"minecraft:composter":7,"minecraft:torch":7,"minecraft:dandelion":2,"minecraft:cherry_log":18,"minecraft:blast_furnace":1,"minecraft:white_bed":4,"minecraft:loom":2,"minecraft:dark_oak_log":74,"minecraft:tnt":4,"minecraft:cherry_sapling":2,"minecraft:bread":7,"minecraft:oak_sapling":24,"minecraft:coal":4,"minecraft:cobblestone":34},"minecraft:mined":{"minecraft:smithing_table":1,"minecraft:spruce_planks":2,"minecraft:white_bed":4,"minecraft:cherry_log":18,"minecraft:dark_oak_log":75,"minecraft:dandelion":2,"minecraft:brewing_stand":1,"minecraft:crafting_table":2,"minecraft:torch":3,"minecraft:blast_furnace":1,"minecraft:grass_block":124,"minecraft:chest":2,"minecraft:composter":7,"minecraft:oak_planks":2,"minecraft:wall_torch":4,"minecraft:birch_planks":2,"minecraft:furnace":1,"minecraft:birch_log":6,"minecraft:birch_leaves":1,"minecraft:tnt":4,"minecraft:fletching_table":2,"minecraft:yellow_bed":13,"minecraft:gold_block":1,"minecraft:grass":19,"minecraft:bookshelf":14,"minecraft:oak_log":99,"minecraft:coal_ore":3,"minecraft:dirt_path":16,"minecraft:cherry_leaves":8,"minecraft:loom":2,"minecraft:gravel":17,"minecraft:dirt":219,"minecraft:cobweb":1,"minecraft:stonecutter":2,"minecraft:stone":34,"minecraft:oak_leaves":4},"minecraft:used":{"minecraft:oak_trapdoor":8,"minecraft:cherry_boat":2,"minecraft:cooked_mutton":7,"minecraft:birch_planks":1,"minecraft:oak_planks":1,"minecraft:wooden_pickaxe":2,"minecraft:chest":5,"minecraft:iron_sword":24,"minecraft:composter":4,"minecraft:fletching_table":3,"minecraft:torch":29,"minecraft:dirt":11,"minecraft:crafting_table":3,"minecraft:white_bed":5,"minecraft:golden_shovel":17,"minecraft:wooden_axe":33,"minecraft:diamond_shovel":333,"minecraft:iron_axe":245,"minecraft:iron_pickaxe":42,"minecraft:beef":2,"minecraft:yellow_bed":13,"minecraft:cooked_beef":2,"minecraft:dark_oak_sapling":8},"minecraft:custom":{"minecraft:mob_kills":10,"minecraft:traded_with_villager":78,"minecraft:interact_with_crafting_table":15,"minecraft:leave_game":7,"minecraft:time_since_death":87024,"minecraft:sleep_in_bed":6,"minecraft:climb_one_cm":732,"minecraft:time_since_rest":3201,"minecraft:sprint_one_cm":270525,"minecraft:damage_taken":530,"minecraft:walk_one_cm":122126,"minecraft:trigger_trapped_chest":2,"minecraft:drop":3,"minecraft:damage_dealt":1750,"minecraft:swim_one_cm":16609,"minecraft:talked_to_villager":7,"minecraft:fly_one_cm":268771,"minecraft:open_chest":21,"minecraft:crouch_one_cm":1073,"minecraft:play_time":87024,"minecraft:sneak_time":991,"minecraft:walk_under_water_one_cm":3300,"minecraft:boat_one_cm":1935,"minecraft:jump":1170,"minecraft:walk_on_water_one_cm":3249,"minecraft:total_world_time":87024,"minecraft:fall_one_cm":44729}},"DataVersion":3465}