{"stats":{"minecraft:picked_up":{"minecraft:bone":1,"minecraft:wheat_seeds":2,"minecraft:dirt":3},"minecraft:mined":{"minecraft:grass":15,"minecraft:grass_block":1,"minecraft:dirt":2},"minecraft:used":{"minecraft:dirt":1},"minecraft:custom":{"minecraft:jump":97,"minecraft:time_since_rest":3885,"minecraft:damage_dealt":10,"minecraft:leave_game":1,"minecraft:sprint_one_cm":12501,"minecraft:play_time":3885,"minecraft:damage_taken":75,"minecraft:time_since_death":3885,"minecraft:walk_one_cm":6520,"minecraft:total_world_time":3885,"minecraft:drop":2,"minecraft:fall_one_cm":2583,"minecraft:fly_one_cm":33531},"minecraft:dropped":{"minecraft:wheat_seeds":2}},"DataVersion":3465}