{"stats":{"minecraft:crafted":{"minecraft:oak_planks":8,"minecraft:string":4,"sophisticatedbackpacks:backpack":1,"minecraft:leather":8,"minecraft:crafting_table":1,"minecraft:stick":12,"minecraft:iron_pickaxe":1,"minecraft:chest":1,"minecraft:wooden_axe":1,"minecraft:iron_sword":1,"minecraft:furnace":1,"minecraft:torch":28,"minecraft:birch_planks":8,"minecraft:air":0,"minecraft:cooked_mutton":11,"minecraft:cooked_beef":4},"minecraft:custom":{"minecraft:time_since_rest":33297,"minecraft:interact_with_furnace":5,"minecraft:sprint_one_cm":25567,"minecraft:damage_taken":60,"minecraft:walk_one_cm":46342,"minecraft:trigger_trapped_chest":2,"minecraft:mob_kills":9,"minecraft:damage_dealt":1040,"minecraft:swim_one_cm":1729,"minecraft:interact_with_crafting_table":4,"minecraft:fly_one_cm":34060,"minecraft:open_chest":8,"minecraft:play_time":33297,"minecraft:crouch_one_cm":214,"minecraft:sneak_time":188,"minecraft:walk_under_water_one_cm":622,"minecraft:damage_dealt_resisted":0,"minecraft:jump":257,"minecraft:leave_game":2,"minecraft:time_since_death":33297,"minecraft:walk_on_water_one_cm":401,"minecraft:total_world_time":33297,"minecraft:fall_one_cm":8891},"minecraft:killed":{"minecraft:sheep":8,"alexsmobs:bison":1},"minecraft:picked_up":{"minecraft:book":21,"minecraft:birch_log":2,"iceandfire:ghost_chest":1,"alexsmobs:bison_fur":1,"minecraft:oak_log":2,"mekanism:raw_osmium":1,"minecraft:dirt":4,"minecraft:string":1,"minecraft:tnt":3,"iceandfire:silver_ingot":1,"minecraft:bone":2,"minecraft:rotten_flesh":8,"minecraft:spruce_planks":1,"minecraft:beef":6,"minecraft:cobweb":17,"minecraft:mutton":11,"minecraft:coal":12,"minecraft:white_wool":8,"minecraft:cobblestone":42},"minecraft:mined":{"minecraft:spruce_planks":1,"mekanism:osmium_ore":1,"minecraft:birch_log":2,"minecraft:tnt":3,"minecraft:grass_block":1,"minecraft:bookshelf":7,"minecraft:oak_log":2,"minecraft:coal_ore":12,"minecraft:vine":1,"iceandfire:ghost_chest":1,"minecraft:dirt":4,"minecraft:cobweb":1,"minecraft:tall_grass":2,"minecraft:stone":42},"minecraft:used":{"minecraft:wooden_axe":31,"minecraft:birch_planks":1,"minecraft:oak_planks":1,"minecraft:iron_pickaxe":55,"minecraft:iron_sword":1,"minecraft:torch":1,"minecraft:dirt":1,"minecraft:crafting_table":1,"minecraft:furnace":1,"minecraft:cooked_beef":1}},"DataVersion":3465}